process_id,arrival_time,cpu_usage,memory_usage,io_operations,process_type,priority,burst_time
P1,0,71,370,8,1,1,6.9
P2,1,43,230,6,1,2,4.2
P3,2,49,485,5,1,2,2.91
P4,3,68,574,10,3,2,11.6
P5,4,81,786,3,3,1,15.51
P6,5,40,266,2,1,2,5.26
P7,6,28,445,5,2,3,7.45
P8,7,27,134,1,2,2,8.34
P9,8,25,665,10,2,1,5.93
P10,9,81,395,5,1,2,9.83
P11,10,72,316,9,1,3,3.87
P12,11,27,571,3,1,3,3.8
P13,12,54,388,5,2,3,9.33
P14,13,31,132,7,3,2,5.82
P15,14,56,198,8,2,3,3.32
P16,15,66,561,3,1,1,11.31
P17,16,33,492,10,2,1,4.99
P18,17,71,195,4,2,1,9.3
P19,18,42,330,4,1,3,4.54
P20,19,85,781,9,1,2,9.55
P21,20,47,127,4,2,2,8.79
P22,21,81,324,1,1,3,11.08
P23,22,81,732,4,1,1,10.35
P24,23,46,748,5,1,3,7.08
P25,24,63,763,6,1,1,9.19
P26,25,31,609,7,2,3,6.3
P27,26,75,180,1,2,2,10.34
P28,27,20,502,2,1,2,5.08
P29,28,51,515,7,3,3,7.39
P30,29,57,379,5,2,2,7.59
P31,30,30,610,1,1,3,9.71
P32,31,38,445,3,3,3,10.64
P33,32,39,588,1,3,2,11.66
P34,33,76,572,2,3,3,15.55
P35,34,61,710,7,2,1,7.28
P36,35,20,403,5,1,3,3.69
P37,36,28,332,3,3,3,7.33
P38,37,52,727,1,2,2,13.03
P39,38,44,437,2,2,3,7.0
P40,39,52,679,1,2,1,12.18
P41,40,67,603,8,3,3,12.25
P42,41,78,569,7,2,2,13.69
P43,42,49,137,6,1,3,5.1
P44,43,40,708,1,1,1,9.88
P45,44,67,758,4,3,1,10.72
P46,45,25,198,9,1,1,2.0
P47,46,65,280,3,1,3,6.78
P48,47,52,355,3,2,1,7.88
P49,48,73,669,3,2,2,12.53
P50,49,21,203,1,1,3,2.5
P51,50,67,138,10,3,2,8.35
P52,51,32,605,7,1,1,5.31
P53,52,39,420,8,2,2,5.33
P54,53,85,150,9,2,3,9.79
P55,54,81,224,6,2,2,9.11
P56,55,79,712,1,1,1,14.19
P57,56,87,449,3,3,1,14.08
P58,57,38,703,10,3,2,7.09
P59,58,81,226,9,1,1,6.63
P60,59,53,195,6,1,1,4.9
P61,60,20,371,7,3,1,3.56
P62,61,45,755,3,1,2,11.34
P63,62,76,384,5,3,1,13.07
P64,63,52,353,5,3,2,10.36
P65,64,29,199,2,3,2,7.68
P66,65,20,424,4,3,2,10.54
P67,66,51,574,4,2,3,8.45
P68,67,70,526,5,3,1,15.3
P69,68,52,267,10,3,1,6.31
P70,69,27,704,10,2,2,5.53
P71,70,53,214,9,3,2,8.7
P72,71,48,475,4,1,1,9.25
P73,72,55,493,5,1,3,7.43
P74,73,43,762,5,1,3,7.79
P75,74,32,378,9,3,1,6.94
P76,75,32,798,3,1,1,4.11
P77,76,38,175,9,3,2,5.27
P78,77,35,168,3,1,3,7.68
P79,78,72,250,9,3,1,9.84
P80,79,37,687,9,2,2,9.05
P81,80,36,352,6,3,2,6.81
P82,81,69,733,2,1,1,11.57
P83,82,56,521,3,1,1,8.03
P84,83,90,316,4,2,3,12.67
P85,84,38,544,6,3,3,7.43
P86,85,86,272,2,2,2,10.4
P87,86,39,575,8,1,3,6.98
P88,87,81,604,1,1,1,13.38
P89,88,57,216,6,2,1,7.48
P90,89,55,326,3,1,2,8.91
P91,90,66,332,1,2,3,14.09
P92,91,22,755,7,1,3,3.52
P93,92,31,429,8,2,1,3.79
P94,93,27,797,2,1,1,6.49
P95,94,83,601,1,1,1,15.0
P96,95,48,657,3,1,2,6.15
P97,96,88,549,10,2,2,8.7
P98,97,52,473,1,2,3,10.45
P99,98,68,381,9,2,3,8.52
P100,99,20,504,7,2,1,5.14
P101,100,88,744,6,3,1,17.01
P102,101,36,184,9,2,1,4.82
P103,102,70,784,4,2,1,13.91
P104,103,58,253,10,2,2,8.38
P105,104,22,405,1,2,1,5.98
P106,105,42,306,5,1,2,9.04
P107,106,85,174,3,3,2,12.97
P108,107,69,197,2,2,3,10.16
P109,108,70,546,2,1,2,11.73
P110,109,49,205,3,1,1,6.07
P111,110,48,237,8,1,2,4.48
P112,111,85,304,3,3,1,12.6
P113,112,42,282,6,1,3,4.78
P114,113,51,160,10,3,3,8.01
P115,114,40,104,2,2,1,6.8
P116,115,24,332,10,2,2,2.33
P117,116,68,177,10,1,3,4.14
P118,117,82,147,1,2,1,11.86
P119,118,27,724,3,1,3,7.82
P120,119,33,573,7,2,2,6.47
P121,120,45,625,8,3,3,10.23
P122,121,37,605,6,3,3,9.53
P123,122,34,291,9,3,1,6.14
P124,123,36,330,6,2,2,3.91
P125,124,63,636,1,1,1,12.16
P126,125,37,210,4,3,2,8.63
P127,126,53,722,8,1,3,4.93
P128,127,71,381,2,3,3,11.0
P129,128,89,476,1,1,2,11.45
P130,129,23,449,8,3,1,3.96
P131,130,22,342,8,1,3,2.47
P132,131,23,745,6,1,2,6.49
P133,132,70,673,9,2,3,7.15
P134,133,64,399,5,2,2,13.32
P135,134,87,324,4,1,3,11.7
P136,135,57,238,4,1,3,7.94
P137,136,22,772,6,2,2,9.66
P138,137,21,112,8,2,1,5.44
P139,138,82,712,9,1,1,8.57
P140,139,54,705,1,1,2,13.68
P141,140,79,335,2,2,1,12.03
P142,141,54,612,8,2,1,8.39
P143,142,30,328,3,1,1,5.76
P144,143,45,673,4,1,1,9.32
P145,144,61,188,2,3,2,11.12
P146,145,42,674,1,1,1,9.88
P147,146,85,715,8,3,3,11.16
P148,147,83,599,1,2,3,15.61
P149,148,46,519,6,1,1,7.75
P150,149,52,353,4,2,2,9.45
P151,150,29,616,10,1,2,5.41
P152,151,24,256,4,1,2,2.91
P153,152,46,194,3,3,2,7.71
P154,153,30,353,10,2,2,2.0
P155,154,42,445,10,1,2,3.52
P156,155,79,782,4,1,1,11.05
P157,156,50,477,9,2,3,7.06
P158,157,30,506,1,2,1,8.28
P159,158,40,445,4,2,3,11.43
P160,159,40,530,9,1,1,5.34
P161,160,71,412,5,2,1,9.84
P162,161,57,485,7,2,3,6.9
P163,162,53,446,1,3,3,9.94
P164,163,43,124,7,2,1,4.9
P165,164,52,276,6,2,2,5.65
P166,165,68,247,6,2,3,9.41
P167,166,80,459,1,3,1,13.09
P168,167,70,417,1,1,1,7.77
P169,168,49,243,8,3,2,8.97
P170,169,85,601,1,2,2,12.6
P171,170,57,743,1,1,3,10.29
P172,171,53,479,1,3,3,12.59
P173,172,51,277,7,1,1,2.75
P174,173,78,427,6,1,3,9.55
P175,174,86,150,1,3,2,15.32
P176,175,35,551,4,1,2,6.79
P177,176,33,106,10,3,1,4.82
P178,177,79,181,2,1,3,7.63
P179,178,88,622,10,3,2,11.92
P180,179,39,360,5,2,2,6.55
P181,180,28,325,5,3,2,6.11
P182,181,49,731,7,1,2,7.85
P183,182,33,620,8,2,1,4.16
P184,183,41,334,4,2,2,6.47
P185,184,48,208,2,3,1,9.83
P186,185,57,133,1,1,1,6.0
P187,186,46,386,6,3,2,11.13
P188,187,90,784,1,2,1,17.04
P189,188,81,733,2,2,3,13.63
P190,189,55,212,7,3,2,10.07
P191,190,74,722,8,2,2,9.52
P192,191,55,247,3,3,3,11.09
P193,192,81,606,2,1,2,8.65
P194,193,59,116,1,1,1,7.05
P195,194,62,715,10,1,3,8.75
P196,195,68,116,10,1,3,3.99
P197,196,66,111,8,3,3,9.29
P198,197,89,299,9,2,1,11.42
P199,198,31,754,10,1,1,3.9
P200,199,35,500,7,2,1,6.37
P201,200,26,434,5,3,1,6.98
P202,201,78,576,2,3,2,14.15
P203,202,58,501,10,3,1,6.89
P204,203,79,197,3,1,3,11.31
P205,204,59,282,7,3,3,9.27
P206,205,44,496,2,1,1,9.66
P207,206,61,207,2,3,3,10.96
P208,207,51,707,3,3,3,13.53
P209,208,65,128,1,1,2,11.69
P210,209,75,338,9,2,2,8.05
P211,210,44,458,4,1,1,5.96
P212,211,33,475,2,2,2,7.45
P213,212,56,764,1,1,2,9.09
P214,213,78,160,5,3,2,10.69
P215,214,58,539,8,3,2,8.11
P216,215,71,670,8,1,3,9.32
P217,216,73,342,10,3,2,8.89
P218,217,22,616,5,2,3,6.12
P219,218,68,620,3,2,1,11.14
P220,219,69,161,1,3,3,10.04
P221,220,32,219,9,1,2,2.0
P222,221,75,422,9,3,1,12.2
P223,222,61,620,8,1,1,6.14
P224,223,57,427,5,2,2,10.3
P225,224,89,136,5,1,1,10.44
P226,225,86,667,8,2,3,11.79
P227,226,52,361,8,3,1,7.91
P228,227,32,462,9,1,2,3.01
P229,228,82,766,6,3,1,13.57
P230,229,49,650,2,2,2,9.1
P231,230,31,394,2,1,2,6.75
P232,231,79,547,8,1,3,6.1
P233,232,89,566,7,2,1,11.79
P234,233,79,434,5,1,2,9.99
P235,234,87,583,2,3,1,16.44
P236,235,84,121,10,3,2,10.97
P237,236,69,369,4,3,3,9.09
P238,237,48,132,6,3,3,9.63
P239,238,51,558,10,3,2,8.22
P240,239,23,198,9,3,3,2.35
P241,240,48,256,4,2,3,9.16
P242,241,46,481,8,1,1,7.27
P243,242,66,183,6,3,1,6.84
P244,243,77,626,2,1,3,10.68
P245,244,83,623,2,3,3,15.63
P246,245,46,785,2,3,3,12.91
P247,246,83,792,8,2,3,11.82
P248,247,90,372,4,1,2,8.75
P249,248,67,600,5,2,3,13.64
P250,249,57,643,9,1,2,6.24
P251,250,60,491,6,3,1,10.55
P252,251,39,772,10,2,1,5.02
P253,252,21,324,1,1,1,2.74
P254,253,57,189,10,2,3,3.98
P255,254,63,404,8,3,1,12.34
P256,255,27,789,4,2,3,8.58
P257,256,26,558,4,2,2,6.64
P258,257,60,799,10,2,3,11.24
P259,258,31,186,9,1,3,2.0
P260,259,72,794,3,2,2,12.18
P261,260,37,761,5,1,3,5.31
P262,261,54,544,6,3,3,11.07
P263,262,26,431,1,2,1,8.75
P264,263,39,615,4,2,1,9.68
P265,264,70,707,9,2,1,12.29
P266,265,53,394,10,3,3,5.45
P267,266,77,345,3,1,2,11.79
P268,267,45,619,4,2,3,10.16
P269,268,61,625,2,3,1,12.89
P270,269,81,601,8,3,1,14.16
P271,270,21,244,9,1,2,3.8
P272,271,55,400,7,3,3,11.51
P273,272,30,109,3,2,2,4.46
P274,273,20,232,4,3,1,3.13
P275,274,76,675,6,1,3,11.35
P276,275,56,404,1,3,3,13.55
P277,276,25,719,4,2,2,7.57
P278,277,39,381,1,3,3,8.87
P279,278,89,584,5,3,1,14.61
P280,279,31,589,4,1,2,4.6
P281,280,62,225,2,1,2,8.13
P282,281,75,594,2,3,2,14.77
P283,282,42,483,4,2,2,6.92
P284,283,20,768,6,1,3,5.7
P285,284,66,292,7,3,2,9.61
P286,285,36,637,8,3,1,8.04
P287,286,65,100,3,3,2,12.75
P288,287,81,319,2,2,2,10.18
P289,288,82,684,1,1,1,13.2
P290,289,50,588,4,2,1,9.97
P291,290,23,713,3,2,2,8.75
P292,291,20,443,6,3,1,7.27
P293,292,34,164,10,3,3,3.39
P294,293,52,404,1,3,2,13.65
P295,294,30,721,10,2,2,10.32
P296,295,67,549,6,1,1,8.59
P297,296,45,764,5,2,1,9.1
P298,297,62,442,6,2,2,6.56
P299,298,62,120,7,3,3,8.69
P300,299,70,423,5,1,2,9.19
P301,300,38,433,4,1,2,7.32
P302,301,54,747,10,2,2,7.21
P303,302,21,688,4,2,1,5.35
P304,303,58,258,7,3,1,8.88
P305,304,61,544,10,2,3,7.13
P306,305,64,461,7,2,2,10.63
P307,306,40,319,9,2,1,3.41
P308,307,61,683,8,1,2,8.53
P309,308,56,679,2,3,3,11.68
P310,309,55,538,2,1,3,9.31
P311,310,68,582,2,1,3,8.44
P312,311,56,754,3,3,3,12.89
P313,312,29,689,9,2,1,4.54
P314,313,58,558,7,2,3,11.25
P315,314,87,317,6,2,3,9.76
P316,315,55,172,8,1,3,5.96
P317,316,89,524,7,1,1,10.96
P318,317,63,638,5,2,2,11.94
P319,318,86,480,10,3,2,12.54
P320,319,49,215,8,2,2,8.69
P321,320,55,552,9,3,2,8.99
P322,321,35,111,1,3,2,6.8
P323,322,42,447,3,2,1,9.53
P324,323,84,732,5,2,2,14.21
P325,324,51,260,5,2,2,6.38
P326,325,21,548,3,2,3,4.88
P327,326,45,295,2,3,2,9.67
P328,327,79,200,4,2,3,11.56
P329,328,68,141,6,2,1,9.48
P330,329,49,561,6,3,3,9.37
P331,330,71,625,9,3,1,12.19
P332,331,85,352,6,1,3,9.54
P333,332,33,209,6,2,1,5.38
P334,333,25,124,5,2,1,3.95
P335,334,87,636,4,1,1,12.87
P336,335,51,142,2,3,3,8.82
P337,336,50,616,3,2,2,9.76
P338,337,69,352,8,3,1,7.74
P339,338,28,198,5,1,2,2.14
P340,339,35,708,4,3,1,9.1
P341,340,71,320,4,2,3,11.42
P342,341,82,673,3,3,3,15.88
P343,342,33,554,5,1,2,5.22
P344,343,40,749,7,2,3,6.38
P345,344,24,164,5,2,2,2.43
P346,345,64,771,4,1,3,10.92
P347,346,79,494,5,3,1,11.08
P348,347,71,723,2,3,1,14.35
P349,348,71,521,10,1,2,6.2
P350,349,20,229,1,2,2,7.3
P351,350,77,331,5,3,3,12.97
P352,351,68,178,1,3,1,12.24
P353,352,88,515,1,3,1,16.66
P354,353,70,507,3,1,1,11.68
P355,354,39,376,8,2,3,4.11
P356,355,34,310,7,3,3,4.66
P357,356,77,360,5,2,2,9.33
P358,357,57,722,1,3,1,14.73
P359,358,85,562,2,3,1,13.72
P360,359,60,316,10,3,2,6.76
P361,360,29,248,4,3,2,9.22
P362,361,35,387,2,3,2,11.83
P363,362,34,372,8,2,3,4.7
P364,363,41,513,4,1,3,5.4
P365,364,65,212,8,1,3,4.04
P366,365,58,596,9,3,2,11.38
P367,366,40,496,5,2,2,8.81
P368,367,41,334,9,2,1,6.27
P369,368,32,565,2,1,1,7.94
P370,369,42,187,6,3,1,8.1
P371,370,80,452,8,3,3,11.8
P372,371,44,227,5,3,2,6.75
P373,372,77,755,8,1,1,9.24
P374,373,83,590,9,2,1,11.57
P375,374,65,330,2,1,1,11.31
P376,375,77,665,1,2,2,17.56
P377,376,53,536,9,3,3,8.72
P378,377,77,231,4,2,2,12.09
P379,378,45,568,6,3,1,8.82
P380,379,36,218,7,1,2,2.0
P381,380,22,435,10,3,2,8.64
P382,381,38,258,3,1,3,4.88
P383,382,41,763,10,2,1,7.05
P384,383,67,784,4,2,3,14.24
P385,384,74,580,2,3,1,16.27
P386,385,76,217,1,1,2,10.73
P387,386,23,759,6,3,2,9.47
P388,387,35,604,4,1,2,7.73
P389,388,69,718,1,2,2,15.61
P390,389,70,525,3,2,2,12.53
P391,390,88,448,5,1,1,8.79
P392,391,89,701,4,2,3,9.5
P393,392,58,740,8,1,2,7.39
P394,393,43,647,5,2,2,7.04
P395,394,49,441,7,3,3,8.47
P396,395,35,281,10,1,1,2.96
P397,396,89,655,9,1,3,10.23
P398,397,52,618,6,3,3,8.69
P399,398,51,302,4,3,3,11.25
P400,399,33,412,5,2,1,5.79
P401,400,88,230,7,2,1,8.15
P402,401,31,544,9,1,2,7.34
P403,402,87,589,9,3,2,14.07
P404,403,80,672,2,2,3,17.55
P405,404,60,522,6,1,1,5.7
P406,405,84,616,2,2,1,14.51
P407,406,85,197,3,1,3,8.72
P408,407,59,393,10,3,3,8.48
P409,408,82,660,7,1,2,11.94
P410,409,34,475,8,1,3,2.92
P411,410,33,480,9,2,2,7.84
P412,411,22,143,1,2,3,8.54
P413,412,25,778,4,3,1,8.07
P414,413,88,406,8,2,1,10.32
P415,414,55,584,5,3,1,12.07
P416,415,61,567,6,2,3,9.25
P417,416,22,358,2,3,2,7.19
P418,417,27,712,5,2,2,6.65
P419,418,38,643,9,3,2,6.33
P420,419,49,368,2,2,2,8.88
P421,420,78,346,5,1,3,11.72
P422,421,53,765,5,3,1,11.96
P423,422,28,471,6,2,2,4.25
P424,423,30,549,9,1,2,5.35
P425,424,22,687,10,1,2,2.78
P426,425,71,645,9,3,3,10.67
P427,426,77,174,9,3,2,10.66
P428,427,34,388,4,1,2,6.17
P429,428,85,582,8,3,3,13.41
P430,429,20,739,3,2,1,5.99
P431,430,66,242,5,3,1,11.85
P432,431,33,559,1,3,1,8.22
P433,432,25,350,7,3,3,3.61
P434,433,33,711,5,2,3,5.71
P435,434,38,641,4,1,1,6.3
P436,435,41,182,3,3,2,8.21
P437,436,38,383,4,1,3,7.12
P438,437,38,497,8,2,1,9.17
P439,438,80,775,8,1,2,10.3
P440,439,71,188,5,3,1,9.67
P441,440,78,433,9,3,2,12.29
P442,441,60,731,7,1,2,10.92
P443,442,67,769,3,3,2,13.95
P444,443,88,403,4,1,3,12.46
P445,444,63,300,9,3,1,7.02
P446,445,38,125,4,1,2,4.16
P447,446,40,649,4,1,1,9.25
P448,447,47,505,3,2,2,10.69
P449,448,53,446,7,1,1,5.29
P450,449,44,672,6,2,3,6.04
P451,450,27,566,10,1,1,2.7
P452,451,59,241,3,1,1,4.3
P453,452,32,800,6,1,2,5.57
P454,453,58,440,5,1,2,8.66
P455,454,73,481,9,1,1,8.88
P456,455,40,670,7,3,1,8.19
P457,456,58,496,3,3,1,13.8
P458,457,80,208,1,1,2,9.08
P459,458,88,619,9,3,2,13.01
P460,459,37,423,1,3,2,8.99
P461,460,38,511,8,1,1,2.14
P462,461,60,204,10,2,3,4.68
P463,462,29,309,3,2,1,7.67
P464,463,89,766,5,2,1,14.16
P465,464,57,486,8,2,1,8.41
P466,465,84,410,10,1,1,10.8
P467,466,81,148,9,3,1,9.49
P468,467,37,519,3,1,3,5.62
P469,468,72,733,2,3,3,11.84
P470,469,67,771,10,3,1,10.02
P471,470,52,778,2,1,3,8.34
P472,471,48,301,2,3,3,9.36
P473,472,30,675,5,2,2,10.21
P474,473,69,475,8,3,3,9.88
P475,474,64,765,6,3,3,11.94
P476,475,49,584,10,1,1,7.72
P477,476,61,223,5,3,3,9.9
P478,477,48,176,4,1,1,5.56
P479,478,41,167,5,1,1,7.03
P480,479,72,478,7,3,3,14.64
P481,480,61,453,3,2,1,13.21
P482,481,40,399,7,3,1,7.82
P483,482,82,379,3,1,3,9.61
P484,483,36,198,2,2,1,7.64
P485,484,43,264,7,1,1,8.29
P486,485,38,163,5,2,3,3.36
P487,486,73,784,6,1,2,9.78
P488,487,75,119,9,2,2,7.92
P489,488,31,681,1,3,3,9.24
P490,489,71,681,7,2,2,10.75
P491,490,52,315,7,3,3,5.27
P492,491,70,181,3,3,3,15.91
P493,492,23,464,3,3,1,5.84
P494,493,38,674,6,3,3,10.71
P495,494,88,112,7,2,2,11.25
P496,495,73,419,5,2,1,11.82
P497,496,43,646,8,2,1,7.14
P498,497,56,100,5,1,1,5.07
P499,498,79,227,9,3,1,10.46
P500,499,42,364,2,2,2,9.83
P501,500,23,513,6,3,3,10.13
P502,501,64,389,3,3,2,12.82
P503,502,35,165,8,1,3,2.0
P504,503,79,421,2,2,1,13.15
P505,504,75,210,2,3,3,13.49
P506,505,72,420,1,1,2,10.11
P507,506,72,632,3,1,3,9.38
P508,507,74,122,10,2,2,7.51
P509,508,71,759,2,2,2,14.36
P510,509,43,121,4,1,3,5.64
P511,510,27,565,7,3,2,5.78
P512,511,68,690,9,3,1,12.55
P513,512,45,195,6,2,1,4.79
P514,513,30,732,1,3,3,12.45
P515,514,28,773,4,2,3,7.9
P516,515,89,723,8,3,1,14.78
P517,516,36,797,7,2,1,10.14
P518,517,74,274,7,1,1,5.48
P519,518,32,200,1,3,1,8.9
P520,519,40,751,5,2,1,8.99
P521,520,67,639,9,3,3,11.23
P522,521,90,112,2,1,1,9.01
P523,522,50,627,9,1,2,7.59
P524,523,64,261,9,3,2,8.49
P525,524,22,127,6,1,2,2.22
P526,525,32,412,1,2,2,7.64
P527,526,29,664,5,2,2,7.66
P528,527,21,497,10,3,1,4.81
P529,528,22,210,6,1,2,3.72
P530,529,44,477,10,2,1,4.36
P531,530,47,786,1,2,3,10.09
P532,531,66,773,5,2,3,11.67
P533,532,44,132,7,2,3,3.4
P534,533,35,654,5,1,3,4.07
P535,534,70,556,8,1,3,7.75
P536,535,78,743,8,3,1,15.05
P537,536,48,709,2,1,3,9.3
P538,537,23,701,8,1,3,3.44
P539,538,24,707,4,2,3,5.44
P540,539,90,461,9,2,1,9.78
P541,540,29,606,3,3,1,9.98
P542,541,47,590,1,1,3,10.46
P543,542,71,201,8,2,1,8.4
P544,543,45,104,4,1,3,5.85
P545,544,73,772,2,2,3,12.31
P546,545,40,657,5,2,2,10.16
P547,546,81,697,2,2,2,13.53
P548,547,22,617,8,1,3,2.0
P549,548,52,430,2,3,3,11.12
P550,549,30,456,9,2,3,5.18
P551,550,74,253,6,3,1,10.81
P552,551,85,346,8,1,2,9.39
P553,552,27,577,4,3,2,10.57
P554,553,78,695,8,2,2,12.84
P555,554,63,236,5,2,1,9.82
P556,555,62,269,8,2,3,4.17
P557,556,67,702,6,1,3,9.28
P558,557,32,272,10,1,2,2.0
P559,558,46,645,3,1,1,7.15
P560,559,39,728,3,3,1,12.82
P561,560,36,373,4,1,1,7.43
P562,561,20,157,10,1,3,2.0
P563,562,29,414,9,1,1,2.26
P564,563,87,355,8,3,1,12.8
P565,564,45,502,7,3,3,10.83
P566,565,34,727,8,1,3,4.73
P567,566,65,593,9,3,2,10.38
P568,567,86,466,8,3,3,13.29
P569,568,80,263,2,1,2,10.11
P570,569,68,570,5,3,1,14.12
P571,570,88,353,5,2,1,10.55
P572,571,29,779,7,3,2,8.55
P573,572,80,311,3,3,2,13.87
P574,573,60,442,10,2,2,5.49
P575,574,81,636,3,2,1,14.26
P576,575,58,627,8,2,1,8.36
P577,576,73,760,8,1,3,11.65
P578,577,51,542,2,3,2,10.75
P579,578,28,750,10,2,1,6.26
P580,579,44,734,5,1,2,7.35
P581,580,84,290,9,3,1,12.37
P582,581,89,100,7,2,3,11.09
P583,582,76,692,2,3,1,13.92
P584,583,25,439,4,1,3,2.94
P585,584,82,660,7,1,1,8.56
P586,585,51,227,4,2,1,7.05
P587,586,62,518,8,2,2,10.2
P588,587,23,414,3,2,1,6.71
P589,588,68,267,3,1,1,8.16
P590,589,32,339,3,3,3,5.27
P591,590,62,557,9,3,3,11.34
P592,591,76,618,8,3,3,11.15
P593,592,35,694,3,2,1,6.11
P594,593,24,382,1,2,1,7.52
P595,594,24,668,5,2,3,5.73
P596,595,38,296,2,2,3,7.13
P597,596,58,551,1,1,2,8.82
P598,597,38,227,6,1,1,4.55
P599,598,43,437,10,1,1,3.94
P600,599,36,421,6,2,1,5.9
P601,600,47,417,9,1,2,3.72
P602,601,68,303,7,3,3,12.57
P603,602,29,197,9,3,2,6.21
P604,603,41,253,7,3,3,5.14
P605,604,48,594,6,3,1,10.17
P606,605,85,513,5,2,2,10.85
P607,606,86,233,10,1,1,8.55
P608,607,78,199,2,1,1,12.14
P609,608,45,365,5,3,3,9.65
P610,609,41,709,9,1,1,6.06
P611,610,64,167,7,1,1,6.79
P612,611,55,172,10,2,2,5.27
P613,612,36,469,6,2,3,7.07
P614,613,23,704,9,3,2,7.17
P615,614,38,347,1,3,1,11.46
P616,615,59,138,1,1,3,9.24
P617,616,71,146,1,1,2,7.56
P618,617,59,302,2,3,2,9.86
P619,618,77,260,2,2,3,11.81
P620,619,38,263,8,2,3,5.59
P621,620,84,702,8,3,2,14.23
P622,621,25,718,9,3,1,6.68
P623,622,79,793,5,1,2,11.02
P624,623,80,669,6,2,2,14.12
P625,624,56,434,2,2,3,9.25
P626,625,76,304,4,2,3,7.86
P627,626,80,187,4,3,1,11.1
P628,627,20,713,6,1,1,6.83
P629,628,24,120,2,3,3,7.56
P630,629,54,168,1,3,2,11.79
P631,630,42,764,5,1,3,6.78
P632,631,74,488,4,2,2,12.09
P633,632,68,461,10,3,1,10.56
P634,633,25,208,3,3,2,6.41
P635,634,60,729,5,2,3,10.91
P636,635,86,513,9,3,2,12.31
P637,636,48,338,5,3,1,7.84
P638,637,42,144,1,3,1,11.24
P639,638,85,584,6,2,2,11.6
P640,639,29,214,4,2,1,6.01
P641,640,47,110,7,3,3,4.88
P642,641,34,481,8,3,1,6.26
P643,642,28,274,1,2,1,9.58
P644,643,66,548,2,2,3,12.12
P645,644,32,192,1,1,1,3.92
P646,645,45,116,7,1,1,3.17
P647,646,45,404,3,3,2,5.79
P648,647,81,628,9,3,1,12.53
P649,648,22,306,5,3,2,6.65
P650,649,84,192,9,2,1,11.4
P651,650,70,729,9,3,2,13.54
P652,651,60,528,3,3,1,12.01
P653,652,65,641,9,2,3,7.76
P654,653,27,633,6,3,1,6.96
P655,654,55,434,4,1,1,7.28
P656,655,64,434,4,1,3,7.48
P657,656,86,102,6,2,3,8.38
P658,657,79,221,2,2,1,13.39
P659,658,28,447,2,1,3,5.89
P660,659,77,467,7,2,1,9.37
P661,660,83,143,7,1,3,8.16
P662,661,36,499,7,3,3,8.49
P663,662,40,675,10,2,1,8.76
P664,663,61,544,6,3,1,11.3
P665,664,59,336,2,2,2,9.8
P666,665,21,277,3,2,3,6.64
P667,666,37,417,1,2,2,11.67
P668,667,86,321,1,2,1,13.6
P669,668,47,477,4,3,2,9.75
P670,669,89,439,10,1,1,10.56
P671,670,47,491,1,1,3,7.41
P672,671,54,690,5,2,2,7.5
P673,672,67,316,8,2,3,10.67
P674,673,90,203,6,2,2,10.77
P675,674,27,430,1,2,1,8.59
P676,675,86,464,3,3,3,15.14
P677,676,35,352,1,3,3,11.18
P678,677,49,607,5,3,2,9.54
P679,678,57,514,8,2,1,8.65
P680,679,22,307,5,1,1,4.87
P681,680,29,438,9,1,1,2.46
P682,681,80,764,4,3,3,17.07
P683,682,43,750,2,3,1,10.98
P684,683,40,661,4,2,1,12.04
P685,684,61,567,6,1,2,7.94
P686,685,37,254,7,2,2,4.19
P687,686,40,744,7,1,3,7.94
P688,687,41,163,7,1,3,5.63
P689,688,41,192,2,2,1,9.59
P690,689,31,395,6,2,2,6.96
P691,690,22,255,8,2,2,3.6
P692,691,68,537,10,3,3,11.44
P693,692,41,759,8,1,2,6.49
P694,693,74,243,7,1,3,6.18
P695,694,75,254,5,3,3,10.89
P696,695,56,333,1,3,3,10.89
P697,696,76,363,5,2,2,9.64
P698,697,31,163,10,2,1,2.62
P699,698,38,593,2,2,3,7.98
P700,699,39,149,6,2,3,4.19
P701,700,22,737,9,3,3,4.98
P702,701,75,159,10,3,1,7.23
P703,702,55,736,4,1,2,8.51
P704,703,83,265,8,3,3,11.42
P705,704,41,741,7,3,2,8.97
P706,705,29,523,8,3,2,7.27
P707,706,36,164,7,3,3,8.44
P708,707,72,283,2,1,2,8.19
P709,708,32,188,2,3,1,7.22
P710,709,82,602,7,1,1,11.12
P711,710,51,492,8,2,3,3.54
P712,711,82,527,6,3,3,15.92
P713,712,67,117,7,3,3,8.25
P714,713,32,328,6,3,1,7.46
P715,714,79,369,6,3,1,10.53
P716,715,82,521,8,1,2,10.55
P717,716,86,511,3,1,2,10.63
P718,717,57,346,8,2,1,8.48
P719,718,25,305,3,2,3,5.37
P720,719,78,448,5,2,1,12.15
P721,720,60,386,5,2,3,11.17
P722,721,64,738,10,2,1,9.88
P723,722,39,599,1,2,1,7.42
P724,723,43,157,8,2,3,5.26
P725,724,42,785,8,3,2,10.07
P726,725,47,572,7,2,2,9.81
P727,726,36,385,7,1,2,5.98
P728,727,32,270,5,2,1,5.0
P729,728,74,566,4,3,1,15.43
P730,729,72,570,4,2,1,11.18
P731,730,76,407,9,2,3,6.71
P732,731,34,239,1,1,2,5.24
P733,732,76,171,1,3,2,14.7
P734,733,62,372,1,2,1,9.74
P735,734,59,506,8,2,2,8.38
P736,735,68,326,3,3,1,13.67
P737,736,40,214,2,3,3,10.58
P738,737,25,246,8,2,2,6.08
P739,738,57,218,5,3,2,7.85
P740,739,77,368,4,2,1,9.47
P741,740,79,593,3,2,3,12.02
P742,741,47,309,8,1,3,3.31
P743,742,23,591,9,3,3,6.28
P744,743,43,609,6,2,1,3.46
P745,744,45,459,10,3,3,6.32
P746,745,46,563,1,3,3,11.0
P747,746,72,655,10,3,2,10.4
P748,747,31,570,4,3,3,10.28
P749,748,20,345,9,2,2,3.34
P750,749,68,727,6,1,2,10.46
P751,750,57,242,10,2,2,3.86
P752,751,40,169,1,3,3,11.93
P753,752,87,190,2,1,3,13.21
P754,753,86,651,2,2,1,15.27
P755,754,71,602,5,2,1,10.8
P756,755,78,336,6,1,1,7.62
P757,756,78,613,1,3,2,14.42
P758,757,58,701,8,3,1,11.32
P759,758,73,705,9,3,3,10.68
P760,759,53,346,4,1,1,8.07
P761,760,74,377,8,1,3,5.97
P762,761,73,525,5,3,1,12.76
P763,762,41,777,3,1,2,7.41
P764,763,32,756,6,1,2,7.64
P765,764,64,262,8,1,3,5.39
P766,765,50,344,8,3,2,9.75
P767,766,88,669,1,3,1,17.21
P768,767,39,489,6,3,2,8.67
P769,768,37,487,1,1,2,6.58
P770,769,63,498,3,3,3,12.91
P771,770,54,436,3,3,3,12.62
P772,771,43,416,1,3,3,9.98
P773,772,69,164,3,1,2,9.76
P774,773,87,286,4,1,2,11.96
P775,774,47,336,2,3,3,10.1
P776,775,62,258,9,3,1,6.03
P777,776,85,682,8,3,3,15.27
P778,777,49,557,6,2,2,10.43
P779,778,88,522,2,3,2,15.46
P780,779,25,733,4,1,3,5.69
P781,780,25,387,10,2,3,6.96
P782,781,25,723,8,3,3,3.42
P783,782,86,205,1,3,1,12.43
P784,783,89,390,6,1,2,11.87
P785,784,30,614,9,3,2,5.88
P786,785,42,182,5,3,3,8.15
P787,786,49,380,2,1,3,8.08
P788,787,77,705,7,3,1,13.3
P789,788,44,433,3,2,2,7.8
P790,789,83,357,9,2,2,8.72
P791,790,73,430,1,3,2,14.2
P792,791,35,361,9,3,3,7.21
P793,792,67,397,4,3,2,8.98
P794,793,46,690,8,3,3,9.86
P795,794,65,674,8,1,2,7.47
P796,795,55,619,5,2,2,8.74
P797,796,66,175,5,2,3,9.49
P798,797,71,223,5,1,3,6.55
P799,798,34,327,4,3,1,9.93
P800,799,46,410,4,1,1,7.02
P801,800,89,263,2,2,2,14.77
P802,801,32,526,6,1,2,3.64
P803,802,71,466,4,1,3,9.79
P804,803,76,247,9,2,2,7.03
P805,804,24,737,5,2,2,7.0
P806,805,26,679,3,2,2,7.1
P807,806,50,483,3,1,1,7.1
P808,807,72,387,2,3,2,13.9
P809,808,21,293,8,1,2,2.0
P810,809,20,440,4,3,2,6.53
P811,810,69,706,1,1,3,12.53
P812,811,21,717,8,3,2,5.9
P813,812,59,270,3,3,2,11.58
P814,813,61,402,5,2,1,9.03
P815,814,41,284,4,2,3,7.47
P816,815,31,523,9,2,1,3.26
P817,816,29,604,2,3,2,11.78
P818,817,43,485,9,2,2,2.82
P819,818,48,626,5,1,3,6.27
P820,819,37,773,10,2,2,6.57
P821,820,55,784,4,2,2,8.43
P822,821,64,263,4,2,2,10.43
P823,822,86,762,5,1,3,11.55
P824,823,89,495,1,1,3,12.54
P825,824,33,416,7,2,3,5.93
P826,825,46,471,7,3,2,9.62
P827,826,62,344,3,1,3,10.22
P828,827,41,607,9,3,1,8.37
P829,828,63,707,7,3,2,13.66
P830,829,35,710,4,2,3,4.72
P831,830,84,157,5,3,1,14.2
P832,831,89,107,3,1,3,8.32
P833,832,79,774,5,3,1,15.44
P834,833,38,201,9,2,3,3.27
P835,834,72,142,3,2,2,9.63
P836,835,62,176,9,3,3,6.51
P837,836,70,306,7,2,3,10.39
P838,837,57,709,3,2,2,11.76
P839,838,61,319,1,3,3,10.75
P840,839,70,728,5,2,1,13.38
P841,840,32,700,6,2,1,7.44
P842,841,68,106,10,3,2,8.35
P843,842,64,597,9,2,1,8.51
P844,843,55,433,3,2,1,8.72
P845,844,86,513,4,1,1,8.37
P846,845,66,280,6,2,2,6.57
P847,846,83,186,9,2,3,9.23
P848,847,60,429,10,1,3,5.84
P849,848,69,772,1,1,2,12.02
P850,849,23,612,7,2,2,4.93
P851,850,80,390,8,1,3,8.66
P852,851,62,382,9,2,1,4.72
P853,852,35,454,4,1,1,2.68
P854,853,67,138,9,2,2,7.18
P855,854,41,302,2,2,2,6.36
P856,855,20,482,10,2,3,2.49
P857,856,25,681,8,2,3,9.66
P858,857,49,132,10,1,2,3.86
P859,858,46,522,9,2,1,3.71
P860,859,21,791,7,1,2,6.06
P861,860,37,358,7,3,2,5.25
P862,861,52,463,10,3,3,7.22
P863,862,87,197,8,2,2,10.15
P864,863,44,602,9,1,3,6.96
P865,864,35,778,3,3,1,8.76
P866,865,51,552,7,1,2,7.0
P867,866,72,579,10,3,3,12.74
P868,867,22,438,10,1,3,2.0
P869,868,54,617,6,1,1,4.02
P870,869,66,790,5,3,1,12.54
P871,870,27,115,3,1,2,3.84
P872,871,63,100,10,3,2,5.29
P873,872,75,468,9,2,1,6.78
P874,873,42,270,6,3,1,7.83
P875,874,62,124,2,2,1,8.63
P876,875,78,543,9,3,3,10.66
P877,876,51,210,9,1,2,4.13
P878,877,43,531,7,2,1,7.89
P879,878,32,636,4,2,2,8.71
P880,879,64,469,2,3,1,14.01
P881,880,74,246,3,3,1,12.1
P882,881,64,527,8,1,1,7.4
P883,882,70,762,8,2,3,12.44
P884,883,79,798,1,3,3,14.67
P885,884,71,352,1,1,2,10.42
P886,885,59,691,6,1,2,9.63
P887,886,73,761,3,1,2,8.81
P888,887,44,588,1,2,3,12.76
P889,888,83,442,7,2,1,12.96
P890,889,40,412,7,3,3,10.55
P891,890,64,565,8,3,3,10.45
P892,891,69,531,4,3,2,12.21
P893,892,28,344,9,3,1,6.45
P894,893,68,442,4,1,2,11.11
P895,894,36,127,9,2,1,2.42
P896,895,57,174,2,3,3,7.67
P897,896,43,630,2,1,1,7.61
P898,897,20,252,1,2,3,5.03
P899,898,35,320,3,3,3,6.1
P900,899,20,141,3,1,2,4.26
P901,900,74,501,2,1,1,13.01
P902,901,89,147,7,3,2,13.86
P903,902,29,641,9,2,1,7.51
P904,903,28,253,4,1,3,5.74
P905,904,71,168,7,1,3,8.53
P906,905,32,720,10,1,3,6.02
P907,906,27,166,9,2,1,2.0
P908,907,71,298,2,2,3,9.2
P909,908,59,586,5,3,1,12.84
P910,909,50,533,4,3,1,9.51
P911,910,21,764,10,3,2,5.2
P912,911,83,424,3,2,3,14.3
P913,912,79,566,8,1,3,9.66
P914,913,74,369,1,3,2,13.75
P915,914,26,641,3,1,1,5.7
P916,915,70,683,2,3,2,14.81
P917,916,36,272,7,3,2,5.81
P918,917,43,314,6,1,2,5.6
P919,918,44,538,1,2,3,8.12
P920,919,47,174,6,1,2,4.71
P921,920,70,701,5,2,3,12.6
P922,921,39,211,6,3,3,7.94
P923,922,28,720,1,1,3,7.85
P924,923,54,478,3,2,1,8.61
P925,924,26,382,1,3,2,9.42
P926,925,52,789,4,1,1,10.51
P927,926,78,482,1,3,1,14.08
P928,927,33,546,1,3,2,11.13
P929,928,69,601,2,3,3,13.71
P930,929,55,346,8,3,3,8.81
P931,930,81,658,9,2,1,11.43
P932,931,81,178,9,1,2,6.95
P933,932,90,576,7,3,1,12.57
P934,933,73,485,1,1,2,10.63
P935,934,75,193,4,1,1,7.43
P936,935,35,405,10,1,3,3.9
P937,936,36,541,7,2,1,8.33
P938,937,88,168,4,3,1,13.73
P939,938,56,587,9,1,2,5.36
P940,939,57,350,1,2,3,10.83
P941,940,84,196,1,1,2,10.67
P942,941,52,383,10,1,3,4.28
P943,942,79,681,2,3,2,16.88
P944,943,62,394,10,1,3,5.0
P945,944,37,281,3,2,2,6.08
P946,945,90,347,2,2,3,13.0
P947,946,59,681,6,2,1,9.54
P948,947,48,573,9,3,3,9.94
P949,948,61,534,8,3,2,11.57
P950,949,57,164,6,1,1,4.87
P951,950,43,483,7,3,2,5.76
P952,951,81,385,6,3,2,12.83
P953,952,48,598,9,2,2,6.51
P954,953,37,221,1,2,2,8.85
P955,954,75,377,3,3,3,12.55
P956,955,40,627,6,2,1,5.8
P957,956,83,270,1,1,3,10.5
P958,957,90,207,2,2,1,12.55
P959,958,87,305,7,3,2,11.16
P960,959,31,249,9,1,2,2.0
P961,960,77,297,3,2,2,10.23
P962,961,45,560,7,3,3,8.86
P963,962,45,196,4,1,3,6.22
P964,963,80,229,7,2,1,9.14
P965,964,57,730,10,3,3,12.0
P966,965,60,780,7,3,3,13.68
P967,966,77,131,2,3,3,12.43
P968,967,71,617,7,2,3,12.31
P969,968,49,225,1,1,2,7.23
P970,969,70,155,9,3,2,9.0
P971,970,46,383,1,2,3,8.33
P972,971,55,213,7,1,3,6.01
P973,972,79,611,10,1,3,8.67
P974,973,62,216,6,1,1,5.51
P975,974,59,465,8,1,1,7.37
P976,975,81,748,4,1,1,11.09
P977,976,69,467,8,2,3,8.53
P978,977,48,251,10,1,1,2.0
P979,978,37,653,4,1,1,5.22
P980,979,68,256,4,2,3,7.26
P981,980,39,475,8,3,3,7.36
P982,981,46,346,3,2,2,7.61
P983,982,45,253,1,2,1,5.65
P984,983,68,795,3,3,1,14.8
P985,984,74,765,3,1,2,13.62
P986,985,35,507,6,2,1,7.7
P987,986,68,636,10,2,2,7.43
P988,987,25,247,7,1,2,6.04
P989,988,62,765,10,2,3,8.32
P990,989,82,535,4,1,2,10.75
P991,990,21,497,1,2,1,5.66
P992,991,45,760,4,2,2,10.97
P993,992,42,436,2,3,2,12.36
P994,993,85,611,4,2,3,13.94
P995,994,53,655,6,1,2,5.33
P996,995,90,579,3,2,3,15.23
P997,996,72,718,5,3,3,11.55
P998,997,22,477,5,3,1,8.47
P999,998,56,108,3,1,2,7.39
P1000,999,54,730,7,2,2,6.43
